Memories,ReO,ReRo,ReCo,RoCo,ReTr
8,10.2519989,10.37120819,9.298324585,10.72883606,9.655952454
16,20.74241638,19.07348633,18.83506775,20.02716064,18.35823059
